ESID,studyID,author,title,pub_year,pub_status,pub_type,N,sampling,N_grp,avg_age,sd_age,grade,school_type,pct_first_year,pct_second_year,pct_third_year,pct_fourth_year,origin,pct_fem,pct_white,pct_black,pct_hispanic,pct_asian,pct_native,pct_multi,N_freereduce,N_historyanx,N_historydep,tech_measure,tech_admin,tech_assign,tech_questions,latent_var,measure,anx_type,dep_type,measuretype,reliability,reliablestat,reliablesource,reliabletype,stdmeasure,measure_questions,es_anxcorr,es_concurrent,es_length,fishers_z,fishers_SE,var,odds_ratio,odds_lower,odds_upper,es_questions,es_Ztocorr,es_Ztocorr_CI_upper,es_Ztocorr_CI_lower,,,
1,1,"Wolniewicz, Claire A.; Rozgonjuk, Dmitri; Elhai, Jon D.",Boredom proneness and fear of missing out mediate relations between depression and anxiety with problematic smartphone use.,2020,1,0,297,0,-999,19.7,3.96,-999,1,53.5,33.7,-999,-999,US,72.1,80.5,14.1,6.7,4,2,-999,-999,-999,-999,"Smartphone Addiction Scale - SAS (Kwon et al., 2013)","0, 2",0,-999,0,"Depression Anxiety Stress Scale (Lovibond & Lovibond, 1995)",1,-999,1,0.82,0,1,"1, 4",1,Anxiety subscore from the Depression Anxiety Stress Scale,0.35,0,-999,0.365443754,0.0583,0.00339889,-999,-999,-999,-999,0.35,0.246,0.446,,,
2,1,"Wolniewicz, Claire A.; Rozgonjuk, Dmitri; Elhai, Jon D.",Boredom proneness and fear of missing out mediate relations between depression and anxiety with problematic smartphone use.,2020,1,0,297,0,-999,19.7,3.96,-999,1,53.5,33.7,-999,-999,US,72.1,80.5,14.1,6.7,4,2,-999,-999,-999,-999,"Smartphone frequency scale (Elhai et al., 2016)","0, 2",0,-999,0,"Depression Anxiety Stress Scale (Lovibond & Lovibond, 1995)",1,-999,1,0.82,0,1,"1, 4",1,Anxiety subscore from the Depression Anxiety Stress Scale,0.02,0,-999,0.020002667,0.0583,0.00339889,-999,-999,-999,-999,0.02,-0.094,0.134,,,
3,1,"Wolniewicz, Claire A.; Rozgonjuk, Dmitri; Elhai, Jon D.",Boredom proneness and fear of missing out mediate relations between depression and anxiety with problematic smartphone use.,2020,1,0,297,0,-999,19.7,3.96,-999,1,53.5,33.7,-999,-999,US,72.1,80.5,14.1,6.7,4,2,-999,-999,-999,-999,"Smartphone Addiction Scale - SAS (Kwon et al., 2013)","0, 2",0,-999,0,"FOMO scale (Przybylksi et al., 2013)",3,-999,1,0.87,0,1,1,1,-999,0.53,0,-999,0.59014516,0.0583,0.00339889,-999,-999,-999,-999,0.53,0.443,0.607,,,
4,1,"Wolniewicz, Claire A.; Rozgonjuk, Dmitri; Elhai, Jon D.",Boredom proneness and fear of missing out mediate relations between depression and anxiety with problematic smartphone use.,2020,1,0,297,0,-999,19.7,3.96,-999,1,53.5,33.7,-999,-999,US,72.1,80.5,14.1,6.7,4,2,-999,-999,-999,-999,"Smartphone frequency scale (Elhai et al., 2016)","0, 2",0,-999,0,"FOMO scale (Przybylksi et al., 2013)",3,-999,1,0.87,0,1,1,1,-999,0.18,0,-999,0.181982689,0.0583,0.00339889,-999,-999,-999,-999,0.18,0.068,0.288,,,
5,1,"Wolniewicz, Claire A.; Rozgonjuk, Dmitri; Elhai, Jon D.",Boredom proneness and fear of missing out mediate relations between depression and anxiety with problematic smartphone use.,2020,1,0,297,0,-999,19.7,3.96,-999,1,53.5,33.7,-999,-999,US,72.1,80.5,14.1,6.7,4,2,-999,-999,-999,-999,"Smartphone Addiction Scale - SAS (Kwon et al., 2013)","0, 2",0,-999,1,"Depression Anxiety Stress Scale (Lovibond & Lovibond, 1995)",-999,0,1,0.89,0,1,"1, 4",1,Depression subscore from the Depression Anxiety Stress Scale,0.34,0,-999,0.354092529,0.0583,0.00339889,-999,-999,-999,-999,0.34,0.253,0.437,,,
6,1,"Wolniewicz, Claire A.; Rozgonjuk, Dmitri; Elhai, Jon D.",Boredom proneness and fear of missing out mediate relations between depression and anxiety with problematic smartphone use.,2020,1,0,297,0,-999,19.7,3.96,-999,1,53.5,33.7,-999,-999,US,72.1,80.5,14.1,6.7,4,2,-999,-999,-999,-999,"Smartphone frequency scale (Elhai et al., 2016)","0, 2",0,-999,1,"Depression Anxiety Stress Scale (Lovibond & Lovibond, 1995)",-999,0,1,0.89,0,1,"1, 5",1,Depression subscore from the Depression Anxiety Stress Scale,0.07,0,-999,0.070114671,0.0583,0.00339889,-999,-999,-999,-999,0.07,-0.044,0.182,,,
1,2,Barry et al.,Adolescent social media use and mental health from adolescent and parent perspectives ,2017,1,0,226,0,14-17,15.27,1.02,-999,-999,-999,-999,-999,-999,US,45.1,81.4,6.2,2.7,2.7,0.9,5.3,-999,-999,-999,Social Media Survey - Frequency Checking Device,2,-999,-999,0,DSM-5 Checklist for Anxiety Symptoms,1,-999,1,-999,-999,-999,-999,1,-999,0.21,0,-999,0.213171347,0.066964953,0.004484305,-999,-999,-999,-999,0.21,0.082,0.331,,,
2,2,Barry et al.,Adolescent social media use and mental health from adolescent and parent perspectives ,2017,1,0,226,0,14-17,15.27,1.02,-999,-999,-999,-999,-999,-999,US,45.1,81.4,6.2,2.7,2.7,0.9,5.3,-999,-999,-999,Social Media Survey - Frequency Checking Device,2,-999,-999,1,DSM-5 Checklist for Depression Symptoms,-999,0,1,-999,-999,-999,-999,1,-999,0.24,0,-999,0.244774113,0.066964953,0.004484305,-999,-999,-999,-999,0.24,0.113,0.359,,,
3,2,Barry et al.,Adolescent social media use and mental health from adolescent and parent perspectives ,2017,1,0,226,0,14-17,15.27,1.02,-999,-999,-999,-999,-999,-999,US,45.1,81.4,6.2,2.7,2.7,0.9,5.3,-999,-999,-999,Social Media Survey - Frequency Checking Device,2,-999,-999,1,"FOMO scale (Przybylksi et al., 2013)",3,-999,1,0.87,0,1,1,1,-999,0.35,0,-999,0.365443754,0.066964953,0.004484305,-999,-999,-999,-999,0.35,0.23,0.46,,,
1,3,"Chambers, Kelsey J.","College students' anxiety, social media engagement, and fear of missing out.",2015,0,1,152,0,-999,23.57,5.33,-999,1,-999,-999,-999,-999,US,69.7,80.9,8.6,12.5,3.9,3.3,-999,-999,-999,-999,"Social Media Engagement Questionnaire - SMEQ (Przybylksi et al., 2013)","0, 2",0,-999,0,"State-Trait Anxiety Inventory - STAI (Spielberger, 1983)",4,-999,1,0.86-0.95,0,1,1,1,State anxiety subscore,0.142,0,-999,0.142966145,0.081923192,0.006711409,-999,-999,-999,"Female only, r = 0.087; Male only, r = 0.113",0.142,-0.018,0.295,,,
2,3,"Chambers, Kelsey J.","College students' anxiety, social media engagement, and fear of missing out.",2015,0,1,152,0,-999,23.57,5.33,-999,1,-999,-999,-999,-999,US,69.7,80.9,8.6,12.5,3.9,3.3,-999,-999,-999,-999,"Social Media Engagement Questionnaire - SMEQ (Przybylksi et al., 2013)","0, 2",0,-999,0,"State-Trait Anxiety Inventory - STAI (Spielberger, 1983)",4,-999,1,0.86-0.95,0,1,1,1,Trait anxiety subscore,0.182,0,-999,0.184050431,0.081923192,0.006711409,-999,-999,-999,"Female only, r = 0.205; Male only, r = 0.015",0.182,0.023,0.332,,,
3,3,"Chambers, Kelsey J.","College students' anxiety, social media engagement, and fear of missing out.",2015,0,1,152,0,-999,23.57,5.33,-999,1,-999,-999,-999,-999,US,69.7,80.9,8.6,12.5,3.9,3.3,-999,-999,-999,-999,"Social Media Engagement Questionnaire - SMEQ (Przybylksi et al., 2013)","0, 2",0,-999,0,"FOMO scale (Przybylksi et al., 2013)",3,-999,1,0.87,0,1,1,1,-999,0.196,0,-999,0.198569333,0.081923192,0.006711409,-999,-999,-999,"Female only, r = 0.247; Male only, r = 0.017",0.196,0.038,0.344,,,
4,3,"Chambers, Kelsey J.","College students' anxiety, social media engagement, and fear of missing out.",2015,0,1,152,0,-999,23.57,5.33,-999,1,-999,-999,-999,-999,US,69.7,80.9,8.6,12.5,3.9,3.3,-999,-999,-999,-999,"Social Media Engagement Scale - SMES (Alt, 2015)","0, 2",0,-999,0,"State-Trait Anxiety Inventory - STAI (Spielberger, 1983)",4,-999,1,0.86-0.95,0,1,1,1,State anxiety subscore,0.073,0,-999,0.073130089,0.081923192,0.006711409,-999,-999,-999,"Female only, r = 0.039; Male only, r = 0.110",0.073,-0.087,0.23,,,
5,3,"Chambers, Kelsey J.","College students' anxiety, social media engagement, and fear of missing out.",2015,0,1,152,0,-999,23.57,5.33,-999,1,-999,-999,-999,-999,US,69.7,80.9,8.6,12.5,3.9,3.3,-999,-999,-999,-999,"Social Media Engagement Scale - SMES (Alt, 2015)","0, 2",0,-999,0,"State-Trait Anxiety Inventory - STAI (Spielberger, 1983)",4,-999,1,0.86-0.95,0,1,1,1,Trait anxiety subscore,0.024,0,-999,0.02400461,0.081923192,0.006711409,-999,-999,-999,"Female only, r = -0.005; Male only, r = 0.032",0.024,-0.136,0.183,,,
6,3,"Chambers, Kelsey J.","College students' anxiety, social media engagement, and fear of missing out.",2015,0,1,152,0,-999,23.57,5.33,-999,1,-999,-999,-999,-999,US,69.7,80.9,8.6,12.5,3.9,3.3,-999,-999,-999,-999,"Social Media Engagement Scale - SMES (Alt, 2015)","0, 2",0,-999,0,"FOMO scale (Przybylksi et al., 2013)",3,-999,1,0.87,0,1,1,1,-999,0.204,0,-999,0.20690272,0.081923192,0.006711409,-999,-999,-999,"Female only, r = 0.200; Male only, r = 0.199",0.204,0.046,0.352,,,
1,4,"Elhaia, Gallinarib, Rozgonjukd, Yanga ","Depression, anxiety and fear of missing out as correlates of social, non-social T and problematic smartphone use ",2020,1,0,316,0,18-25,19.21,1.74,-999,1,59.5,25,-999,-999,US,66.8,75.3,19,4.7,4.7,-999,-999,-999,-999,-999,Process and social smartphone use - PSA (van Deursen et al. (2015),"0, 2",0,Process use subscore,0,"Depression Anxiety Stress Scale-21 (Lovibond & Lovibond, 1995)",1,-999,1,0.84,0,1,1,1,Anxiety subscore from the Depression Anxiety Stress Scale,0.02,0,-999,0.020002667,0.056523342,0.003194888,-999,-999,-999,-999,0.02,-0.091,0.13,,,
2,4,"Elhaia, Gallinarib, Rozgonjukd, Yanga ","Depression, anxiety and fear of missing out as correlates of social, non-social T and problematic smartphone use ",2020,1,0,316,0,18-25,19.21,1.74,-999,1,59.5,25,-999,-999,US,66.8,75.3,19,4.7,4.7,-999,-999,-999,-999,-999,Process and social smartphone use - PSA (van Deursen et al. (2015),"0, 2",0,Social use subscore,0,"Depression Anxiety Stress Scale-21 (Lovibond & Lovibond, 1995)",1,-999,1,0.84,0,1,1,1,Anxiety subscore from the Depression Anxiety Stress Scale,-0.06,0,-999,-0.060072156,0.056523342,0.003194888,-999,-999,-999,-999,-0.06,-0.169,0.051,,,
3,4,"Elhaia, Gallinarib, Rozgonjukd, Yanga ","Depression, anxiety and fear of missing out as correlates of social, non-social T and problematic smartphone use ",2020,1,0,316,0,18-25,19.21,1.74,-999,1,59.5,25,-999,-999,US,66.8,75.3,19,4.7,4.7,-999,-999,-999,-999,-999,Process and social smartphone use - PSA (van Deursen et al. (2015),"0, 2",0,Process use subscore,1,"Depression Anxiety Stress Scale-21 (Lovibond & Lovibond, 1995)",-999,0,1,0.91,0,1,1,1,Depression subscore from the Depression Anxiety Stress Scale,0.08,0,-999,0.080171325,0.056523342,0.003194888,-999,-999,-999,-999,0.08,-0.031,0.189,,,
4,4,"Elhaia, Gallinarib, Rozgonjukd, Yanga ","Depression, anxiety and fear of missing out as correlates of social, non-social T and problematic smartphone use ",2020,1,0,316,0,18-25,19.21,1.74,-999,1,59.5,25,-999,-999,US,66.8,75.3,19,4.7,4.7,-999,-999,-999,-999,-999,Process and social smartphone use - PSA (van Deursen et al. (2015),"0, 2",0,Social use subscore,1,"Depression Anxiety Stress Scale-21 (Lovibond & Lovibond, 1995)",-999,0,1,0.91,0,1,1,1,Depression subscore from the Depression Anxiety Stress Scale,-0.04,0,-999,-0.040021354,0.056523342,0.003194888,-999,-999,-999,-999,-0.04,-0.15,0.071,,,
5,4,"Elhaia, Gallinarib, Rozgonjukd, Yanga ","Depression, anxiety and fear of missing out as correlates of social, non-social T and problematic smartphone use ",2020,1,0,316,0,18-25,19.21,1.74,-999,1,59.5,25,-999,-999,US,66.8,75.3,19,4.7,4.7,-999,-999,-999,-999,-999,Process and social smartphone use - PSA (van Deursen et al. (2015),"0, 2",0,Process use subscore,0,"Fomo scale (Przybylksi et al., 2013)",3,-999,1,0.87,0,1,1,1,-999,0.27,0,-999,0.276863823,0.056523342,0.003194888,-999,-999,-999,-999,0.27,0.165,0.369,,,
6,4,"Elhaia, Gallinarib, Rozgonjukd, Yanga ","Depression, anxiety and fear of missing out as correlates of social, non-social T and problematic smartphone use ",2020,1,0,316,0,18-25,19.21,1.74,-999,1,59.5,25,-999,-999,US,66.8,75.3,19,4.7,4.7,-999,-999,-999,-999,-999,Process and social smartphone use - PSA (van Deursen et al. (2015),"0, 2",0,Social use subscore,0,"Fomo scale (Przybylksi et al., 2013)",3,-999,1,0.87,0,1,1,1,-999,0.13,0,-999,0.13073985,0.056523342,0.003194888,-999,-999,-999,-999,0.13,0.02,0.237,,,
7,4,"Elhaia, Gallinarib, Rozgonjukd, Yanga ","Depression, anxiety and fear of missing out as correlates of social, non-social T and problematic smartphone use ",2020,1,0,316,0,18-25,19.21,1.74,-999,1,59.5,25,-999,-999,US,66.8,75.3,19,4.7,4.7,-999,-999,-999,-999,-999,Process and social smartphone use - PSA (van Deursen et al. (2015),"0, 2",0,PSU Total Score,0,"Depression Anxiety Stress Scale-21 (Lovibond & Lovibond, 1995)",1,-999,1,0.84,0,1,1,1,Anxiety subscore from the Depression Anxiety Stress Scale,0.38,0,-999,0.40005965,0.056523342,0.003194888,-999,-999,-999,-999,0.38,0.281,0.471,,,
8,4,"Elhaia, Gallinarib, Rozgonjukd, Yanga ","Depression, anxiety and fear of missing out as correlates of social, non-social T and problematic smartphone use ",2020,1,0,316,0,18-25,19.21,1.74,-999,1,59.5,25,-999,-999,US,66.8,75.3,19,4.7,4.7,-999,-999,-999,-999,-999,Process and social smartphone use - PSA (van Deursen et al. (2015),"0, 2",0,PSU Total Score,1,"Depression Anxiety Stress Scale-21 (Lovibond & Lovibond, 1995)",-999,0,1,0.91,0,1,1,1,Depression subscore from the Depression Anxiety Stress Scale,0.4,0,-999,0.42364893,0.056523342,0.003194888,-999,-999,-999,-999,0.4,0.303,0.489,,,
9,4,"Elhaia, Gallinarib, Rozgonjukd, Yanga ","Depression, anxiety and fear of missing out as correlates of social, non-social T and problematic smartphone use ",2020,1,0,316,0,18-25,19.21,1.74,-999,1,59.5,25,-999,-999,US,66.8,75.3,19,4.7,4.7,-999,-999,-999,-999,-999,Process and social smartphone use - PSA (van Deursen et al. (2015),"0, 2",0,PSU Total Score,0,"Fomo scale (Przybylksi et al., 2013)",3,-999,1,0.87,0,1,1,1,-999,0.51,0,-999,0.562729769,0.056523342,0.003194888,-999,-999,-999,-999,0.51,0.423,0.587,,,
1,5,"Jeffrey A. Hall, Ric G. Steele, Jennifer L. Christofferson, and Teodora Mihailova",Development and Initial Evaluation of a Multidimensional Digital Stress Scale,2021,1,0,339,0,18-21,18.4,0.76,-999,1,-999,-999,-999,-999,US,69.6,78,8.6,8.6,8,0.6,-999,-999,-999,-999,Digital Stress Scale - DSS ,"0, 2",0,DSS Total Score,0,Patient-Reported Outcomes Measurement Information System (PROMIS) ,1,-999,1,0.94,0,1,-999,1,Anxiety subscore of PROMIS,0.45,0,-999,0.484700279,0.054554473,0.00297619,-999,-999,-999,-999,0.45,0.361,0.531,,,
2,5,"Jeffrey A. Hall, Ric G. Steele, Jennifer L. Christofferson, and Teodora Mihailova",Development and Initial Evaluation of a Multidimensional Digital Stress Scale,2021,1,0,339,0,18-21,18.4,0.76,-999,1,-999,-999,-999,-999,US,69.6,78,8.6,8.6,8,0.6,-999,-999,-999,-999,Digital Stress Scale - DSS ,"0, 2",0,DSS approval anxiety subscore,0,Patient-Reported Outcomes Measurement Information System (PROMIS) ,1,-999,1,0.94,0,1,-999,1,Anxiety subscore of PROMIS,0.39,0,-999,0.411800034,0.054554473,0.00297619,-999,-999,-999,-999,0.39,0.296,0.477,,,
3,5,"Jeffrey A. Hall, Ric G. Steele, Jennifer L. Christofferson, and Teodora Mihailova",Development and Initial Evaluation of a Multidimensional Digital Stress Scale,2021,1,0,339,0,18-21,18.4,0.76,-999,1,-999,-999,-999,-999,US,69.6,78,8.6,8.6,8,0.6,-999,-999,-999,-999,Digital Stress Scale - DSS ,"0, 2",0,DSS availability stress subscore,0,Patient-Reported Outcomes Measurement Information System (PROMIS) ,1,-999,1,0.94,0,1,-999,1,Anxiety subscore of PROMIS,0.18,0,-999,0.181982689,0.054554473,0.00297619,-999,-999,-999,-999,0.18,0.075,0.281,,,
4,5,"Jeffrey A. Hall, Ric G. Steele, Jennifer L. Christofferson, and Teodora Mihailova",Development and Initial Evaluation of a Multidimensional Digital Stress Scale,2021,1,0,339,0,18-21,18.4,0.76,-999,1,-999,-999,-999,-999,US,69.6,78,8.6,8.6,8,0.6,-999,-999,-999,-999,Digital Stress Scale - DSS ,"0, 2",0,DSS FoMo subscore,0,Patient-Reported Outcomes Measurement Information System (PROMIS) ,1,-999,1,0.94,0,1,-999,1,Anxiety subscore of PROMIS,0.43,0,-999,0.459896681,0.054554473,0.00297619,-999,-999,-999,-999,0.43,0.339,0.513,,,
5,5,"Jeffrey A. Hall, Ric G. Steele, Jennifer L. Christofferson, and Teodora Mihailova",Development and Initial Evaluation of a Multidimensional Digital Stress Scale,2021,1,0,339,0,18-21,18.4,0.76,-999,1,-999,-999,-999,-999,US,69.6,78,8.6,8.6,8,0.6,-999,-999,-999,-999,Digital Stress Scale - DSS ,"0, 2",0,DSS online vigilance,0,Patient-Reported Outcomes Measurement Information System (PROMIS) ,1,-999,1,0.94,0,1,-999,1,Anxiety subscore of PROMIS,0.35,0,-999,0.365443754,0.054554473,0.00297619,-999,-999,-999,-999,0.35,0.253,0.44,,,
6,5,"Jeffrey A. Hall, Ric G. Steele, Jennifer L. Christofferson, and Teodora Mihailova",Development and Initial Evaluation of a Multidimensional Digital Stress Scale,2021,1,0,339,0,18-21,18.4,0.76,-999,1,-999,-999,-999,-999,US,69.6,78,8.6,8.6,8,0.6,-999,-999,-999,-999,Digital Stress Scale - DSS ,"0, 2",0,DSS connection overload,0,Patient-Reported Outcomes Measurement Information System (PROMIS) ,1,-999,1,0.94,0,1,-999,1,Anxiety subscore of PROMIS,0.29,0,-999,0.298566264,0.054554473,0.00297619,-999,-999,-999,-999,0.29,0.189,0.385,,,
1,6,"Jeffrey A. Hall, Ric G. Steele, Jennifer L. Christofferson, and Teodora Mihailova",Development and Initial Evaluation of a Multidimensional Digital Stress Scale,2021,1,0,166,0,14-17,15.3,1.01,-999,0,-999,-999,-999,-999,US,52.1,75.5,6.1,16.6,4.9,3.7,-999,-999,-999,-999,Digital Stress Scale - DSS ,"0, 2",0,DSS Total Score,0,Patient-Reported Outcomes Measurement Information System (PROMIS) ,1,-999,1,0.94,0,1,-999,1,Anxiety subscore of PROMIS,0.52,0,-999,0.576339755,0.078326045,0.006134969,-999,-999,-999,-999,0.52,0.399,0.623,,,
2,6,"Jeffrey A. Hall, Ric G. Steele, Jennifer L. Christofferson, and Teodora Mihailova",Development and Initial Evaluation of a Multidimensional Digital Stress Scale,2021,1,0,166,0,14-17,15.3,1.01,-999,0,-999,-999,-999,-999,US,52.1,75.5,6.1,16.6,4.9,3.7,-999,-999,-999,-999,Digital Stress Scale - DSS ,"0, 2",0,DSS approval anxiety subscore,0,Patient-Reported Outcomes Measurement Information System (PROMIS) ,1,-999,1,0.94,0,1,-999,1,Anxiety subscore of PROMIS,0.44,0,-999,0.472230804,0.078326045,0.006134969,-999,-999,-999,-999,0.44,0.308,0.555,,,
3,6,"Jeffrey A. Hall, Ric G. Steele, Jennifer L. Christofferson, and Teodora Mihailova",Development and Initial Evaluation of a Multidimensional Digital Stress Scale,2021,1,0,166,0,14-17,15.3,1.01,-999,0,-999,-999,-999,-999,US,52.1,75.5,6.1,16.6,4.9,3.7,-999,-999,-999,-999,Digital Stress Scale - DSS ,"0, 2",0,DSS availability stress subscore,0,Patient-Reported Outcomes Measurement Information System (PROMIS) ,1,-999,1,0.94,0,1,-999,1,Anxiety subscore of PROMIS,0.35,0,-999,0.365443754,0.078326045,0.006134969,-999,-999,-999,-999,0.35,0.209,0.477,,,
4,6,"Jeffrey A. Hall, Ric G. Steele, Jennifer L. Christofferson, and Teodora Mihailova",Development and Initial Evaluation of a Multidimensional Digital Stress Scale,2021,1,0,166,0,14-17,15.3,1.01,-999,0,-999,-999,-999,-999,US,52.1,75.5,6.1,16.6,4.9,3.7,-999,-999,-999,-999,Digital Stress Scale - DSS ,"0, 2",0,DSS FoMo subscore,0,Patient-Reported Outcomes Measurement Information System (PROMIS) ,1,-999,1,0.94,0,1,-999,1,Anxiety subscore of PROMIS,0.54,0,-999,0.604155603,0.078326045,0.006134969,-999,-999,-999,-999,0.54,0.422,0.64,,,
5,6,"Jeffrey A. Hall, Ric G. Steele, Jennifer L. Christofferson, and Teodora Mihailova",Development and Initial Evaluation of a Multidimensional Digital Stress Scale,2021,1,0,166,0,14-17,15.3,1.01,-999,0,-999,-999,-999,-999,US,52.1,75.5,6.1,16.6,4.9,3.7,-999,-999,-999,-999,Digital Stress Scale - DSS ,"0, 2",0,DSS online vigilance,0,Patient-Reported Outcomes Measurement Information System (PROMIS) ,1,-999,1,0.94,0,1,-999,1,Anxiety subscore of PROMIS,0.31,0,-999,0.320545409,0.078326045,0.006134969,-999,-999,-999,-999,0.31,0.165,0.441,,,
6,6,"Jeffrey A. Hall, Ric G. Steele, Jennifer L. Christofferson, and Teodora Mihailova",Development and Initial Evaluation of a Multidimensional Digital Stress Scale,2021,1,0,166,0,14-17,15.3,1.01,-999,0,-999,-999,-999,-999,US,52.1,75.5,6.1,16.6,4.9,3.7,-999,-999,-999,-999,Digital Stress Scale - DSS ,"0, 2",0,DSS connection overload,0,Patient-Reported Outcomes Measurement Information System (PROMIS) ,1,-999,1,0.94,0,1,-999,1,Anxiety subscore of PROMIS,0.43,0,-999,0.459896681,0.078326045,0.006134969,-999,-999,-999,-999,0.43,0.297,0.547,,,
7,6,"Jeffrey A. Hall, Ric G. Steele, Jennifer L. Christofferson, and Teodora Mihailova",Development and Initial Evaluation of a Multidimensional Digital Stress Scale,2021,1,0,166,0,14-17,15.3,1.01,-999,0,-999,-999,-999,-999,US,52.1,75.5,6.1,16.6,4.9,3.7,-999,-999,-999,-999,Digital Stress Scale - DSS ,"0, 2",0,DSS Total Score,1,Patient-Reported Outcomes Measurement Information System (PROMIS) ,-999,0,1,0.96,0,1,-999,1,Depression subscore of PROMIS,0.5,0,-999,0.549306144,0.078326045,0.006134969,-999,-999,-999,-999,0.5,0.376,0.606,,,
8,6,"Jeffrey A. Hall, Ric G. Steele, Jennifer L. Christofferson, and Teodora Mihailova",Development and Initial Evaluation of a Multidimensional Digital Stress Scale,2021,1,0,166,0,14-17,15.3,1.01,-999,0,-999,-999,-999,-999,US,52.1,75.5,6.1,16.6,4.9,3.7,-999,-999,-999,-999,Digital Stress Scale - DSS ,"0, 2",0,DSS approval anxiety subscore,1,Patient-Reported Outcomes Measurement Information System (PROMIS) ,-999,0,1,0.96,0,1,-999,1,Depression subscore of PROMIS,0.48,0,-999,0.522984278,0.078326045,0.006134969,-999,-999,-999,-999,0.48,0.354,0.589,,,
9,6,"Jeffrey A. Hall, Ric G. Steele, Jennifer L. Christofferson, and Teodora Mihailova",Development and Initial Evaluation of a Multidimensional Digital Stress Scale,2021,1,0,166,0,14-17,15.3,1.01,-999,0,-999,-999,-999,-999,US,52.1,75.5,6.1,16.6,4.9,3.7,-999,-999,-999,-999,Digital Stress Scale - DSS ,"0, 2",0,DSS availability stress subscore,1,Patient-Reported Outcomes Measurement Information System (PROMIS) ,-999,0,1,0.96,0,1,-999,1,Depression subscore of PROMIS,0.32,0,-999,0.331647109,0.078326045,0.006134969,-999,-999,-999,-999,0.32,0.176,0.45,,,
10,6,"Jeffrey A. Hall, Ric G. Steele, Jennifer L. Christofferson, and Teodora Mihailova",Development and Initial Evaluation of a Multidimensional Digital Stress Scale,2021,1,0,166,0,14-17,15.3,1.01,-999,0,-999,-999,-999,-999,US,52.1,75.5,6.1,16.6,4.9,3.7,-999,-999,-999,-999,Digital Stress Scale - DSS ,"0, 2",0,DSS FoMo subscore,1,Patient-Reported Outcomes Measurement Information System (PROMIS) ,-999,0,1,0.96,0,1,-999,1,Depression subscore of PROMIS,0.58,0,-999,0.662462707,0.078326045,0.006134969,-999,-999,-999,-999,0.58,0.469,0.673,,,
11,6,"Jeffrey A. Hall, Ric G. Steele, Jennifer L. Christofferson, and Teodora Mihailova",Development and Initial Evaluation of a Multidimensional Digital Stress Scale,2021,1,0,166,0,14-17,15.3,1.01,-999,0,-999,-999,-999,-999,US,52.1,75.5,6.1,16.6,4.9,3.7,-999,-999,-999,-999,Digital Stress Scale - DSS ,"0, 2",0,DSS online vigilance,1,Patient-Reported Outcomes Measurement Information System (PROMIS) ,-999,0,1,0.96,0,1,-999,1,Depression subscore of PROMIS,0.31,0,-999,0.320545409,0.078326045,0.006134969,-999,-999,-999,-999,0.31,0.165,0.441,,,
12,6,"Jeffrey A. Hall, Ric G. Steele, Jennifer L. Christofferson, and Teodora Mihailova",Development and Initial Evaluation of a Multidimensional Digital Stress Scale,2021,1,0,166,0,14-17,15.3,1.01,-999,0,-999,-999,-999,-999,US,52.1,75.5,6.1,16.6,4.9,3.7,-999,-999,-999,-999,Digital Stress Scale - DSS ,"0, 2",0,DSS connection overload,1,Patient-Reported Outcomes Measurement Information System (PROMIS) ,-999,0,1,0.96,0,1,-999,1,Depression subscore of PROMIS,0.36,0,-999,0.376885901,0.078326045,0.006134969,-999,-999,-999,-999,0.36,0.22,0.486,,,
13,6,"Jeffrey A. Hall, Ric G. Steele, Jennifer L. Christofferson, and Teodora Mihailova",Development and Initial Evaluation of a Multidimensional Digital Stress Scale,2021,1,0,166,0,14-17,15.3,1.01,-999,0,-999,-999,-999,-999,US,52.1,75.5,6.1,16.6,4.9,3.7,-999,-999,-999,-999,Digital Stress Scale - DSS ,"0, 2",0,DSS Total Score,2,Patient-Reported Outcomes Measurement Information System (PROMIS) ,-999,-999,1,0.96,0,1,-999,1,Fatigue subscore of PROMIS,0.5,0,-999,0.549306144,0.078326045,0.006134969,-999,-999,-999,-999,0.5,0.376,0.606,,,
14,6,"Jeffrey A. Hall, Ric G. Steele, Jennifer L. Christofferson, and Teodora Mihailova",Development and Initial Evaluation of a Multidimensional Digital Stress Scale,2021,1,0,166,0,14-17,15.3,1.01,-999,0,-999,-999,-999,-999,US,52.1,75.5,6.1,16.6,4.9,3.7,-999,-999,-999,-999,Digital Stress Scale - DSS ,"0, 2",0,DSS approval anxiety subscore,2,Patient-Reported Outcomes Measurement Information System (PROMIS) ,-999,-999,1,0.96,0,1,-999,1,Fatigue subscore of PROMIS,0.41,0,-999,0.435611223,0.078326045,0.006134969,-999,-999,-999,-999,0.41,0.275,0.529,,,
15,6,"Jeffrey A. Hall, Ric G. Steele, Jennifer L. Christofferson, and Teodora Mihailova",Development and Initial Evaluation of a Multidimensional Digital Stress Scale,2021,1,0,166,0,14-17,15.3,1.01,-999,0,-999,-999,-999,-999,US,52.1,75.5,6.1,16.6,4.9,3.7,-999,-999,-999,-999,Digital Stress Scale - DSS ,"0, 2",0,DSS availability stress subscore,2,Patient-Reported Outcomes Measurement Information System (PROMIS) ,-999,-999,1,0.96,0,1,-999,1,Fatigue subscore of PROMIS,0.34,0,-999,0.354092529,0.078326045,0.006134969,-999,-999,-999,-999,0.34,0.198,0.468,,,
16,6,"Jeffrey A. Hall, Ric G. Steele, Jennifer L. Christofferson, and Teodora Mihailova",Development and Initial Evaluation of a Multidimensional Digital Stress Scale,2021,1,0,166,0,14-17,15.3,1.01,-999,0,-999,-999,-999,-999,US,52.1,75.5,6.1,16.6,4.9,3.7,-999,-999,-999,-999,Digital Stress Scale - DSS ,"0, 2",0,DSS FoMo subscore,2,Patient-Reported Outcomes Measurement Information System (PROMIS) ,-999,-999,1,0.96,0,1,-999,1,Fatigue subscore of PROMIS,0.53,0,-999,0.59014516,0.078326045,0.006134969,-999,-999,-999,-999,0.53,0.411,0.631,,,
17,6,"Jeffrey A. Hall, Ric G. Steele, Jennifer L. Christofferson, and Teodora Mihailova",Development and Initial Evaluation of a Multidimensional Digital Stress Scale,2021,1,0,166,0,14-17,15.3,1.01,-999,0,-999,-999,-999,-999,US,52.1,75.5,6.1,16.6,4.9,3.7,-999,-999,-999,-999,Digital Stress Scale - DSS ,"0, 2",0,DSS online vigilance,2,Patient-Reported Outcomes Measurement Information System (PROMIS) ,-999,-999,1,0.96,0,1,-999,1,Fatigue subscore of PROMIS,0.33,0,-999,0.342828254,0.078326045,0.006134969,-999,-999,-999,-999,0.33,0.187,0.459,,,
18,6,"Jeffrey A. Hall, Ric G. Steele, Jennifer L. Christofferson, and Teodora Mihailova",Development and Initial Evaluation of a Multidimensional Digital Stress Scale,2021,1,0,166,0,14-17,15.3,1.01,-999,0,-999,-999,-999,-999,US,52.1,75.5,6.1,16.6,4.9,3.7,-999,-999,-999,-999,Digital Stress Scale - DSS ,"0, 2",0,DSS connection overload,2,Patient-Reported Outcomes Measurement Information System (PROMIS) ,-999,-999,1,0.96,0,1,-999,1,Fatigue subscore of PROMIS,0.41,0,-999,0.435611223,0.078326045,0.006134969,-999,-999,-999,-999,0.41,0.275,0.529,,,
1,7,"Dempsey, O'Briena, Tiamiyua, Elhai ",Fear of missing out (FoMO) and rumination mediate relations between T social anxiety and problematic Facebook use ,2019,1,0,291,0,-999,20.03,3.06,-999,1,48.5,29.6,10.3,7.6,US,57.6,73.9,12.4,5.9,6.2,-999,-999,-999,-999,-999,Facebook use frequency scale,"0, 2",0,-999,0,"Social Interaction Anxiety Scale - SIAS (Mattick & Clarke, 1998)",0,-999,1,0.93,0,0,1,1,-999,-0.2,0,-999,-0.202732554,0.058925565,0.003472222,-999,-999,-999,-999,-0.2,-0.308,-0.087,,,
2,7,"Dempsey, O'Briena, Tiamiyua, Elhai ",Fear of missing out (FoMO) and rumination mediate relations between T social anxiety and problematic Facebook use ,2019,1,0,291,0,-999,20.03,3.06,-999,1,48.5,29.6,10.3,7.6,US,57.6,73.9,12.4,5.9,6.2,-999,-999,-999,-999,-999,Facebook use frequency scale,"0, 2",0,-999,1,"The Patient Health Questionnaire-9 - PHQ-9 (Spitzer et al., 1999)",-999,0,1,0.86,0,0,1,1,-999,-0.11,0,-999,-0.110446916,0.058925565,0.003472222,-999,-999,-999,-999,-0.11,-0.222,0.005,,,
3,7,"Dempsey, O'Briena, Tiamiyua, Elhai ",Fear of missing out (FoMO) and rumination mediate relations between T social anxiety and problematic Facebook use ,2019,1,0,291,0,-999,20.03,3.06,-999,1,48.5,29.6,10.3,7.6,US,57.6,73.9,12.4,5.9,6.2,-999,-999,-999,-999,-999,Facebook use frequency scale,"0, 2",0,-999,0,"FoMO scale (Przybylksi et al., 2013)",3,-999,1,0.87,0,0,1,1,-999,-0.19,0,-999,-0.192337169,0.058925565,0.003472222,-999,-999,-999,-999,-0.19,-0.298,-0.077,,,
4,7,"Dempsey, O'Briena, Tiamiyua, Elhai ",Fear of missing out (FoMO) and rumination mediate relations between T social anxiety and problematic Facebook use ,2019,1,0,291,0,-999,20.03,3.06,-999,1,48.5,29.6,10.3,7.6,US,57.6,73.9,12.4,5.9,6.2,-999,-999,-999,-999,-999,"Bergen Facebook Addiction Scale - BFAS (Andreassan, 2012)","0, 2",0,-999,0,"Social Interaction Anxiety Scale - SIAS (Mattick & Clarke, 1998)",0,-999,1,0.93,0,0,1,1,-999,0.3,0,-999,0.309519604,0.058925565,0.003472222,-999,-999,-999,-999,0.3,0.192,0.401,,,
5,7,"Dempsey, O'Briena, Tiamiyua, Elhai ",Fear of missing out (FoMO) and rumination mediate relations between T social anxiety and problematic Facebook use ,2019,1,0,291,0,-999,20.03,3.06,-999,1,48.5,29.6,10.3,7.6,US,57.6,73.9,12.4,5.9,6.2,-999,-999,-999,-999,-999,"Bergen Facebook Addiction Scale - BFAS (Andreassan, 2012)","0, 2",0,-999,1,"The Patient Health Questionnaire-9 - PHQ-9 (Spitzer et al., 1999)",-999,0,1,0.86,0,0,1,1,-999,0.2,0,-999,0.202732554,0.058925565,0.003472222,-999,-999,-999,-999,0.2,0.087,0.308,,,
6,7,"Dempsey, O'Briena, Tiamiyua, Elhai ",Fear of missing out (FoMO) and rumination mediate relations between T social anxiety and problematic Facebook use ,2019,1,0,291,0,-999,20.03,3.06,-999,1,48.5,29.6,10.3,7.6,US,57.6,73.9,12.4,5.9,6.2,-999,-999,-999,-999,-999,"Bergen Facebook Addiction Scale - BFAS (Andreassan, 2012)","0, 2",0,-999,0,"FoMO scale (Przybylksi et al., 2013)",3,-999,1,0.87,0,0,1,1,-999,0.32,0,-999,0.331647109,0.058925565,0.003472222,-999,-999,-999,-999,0.32,0.213,0.42,,,
1,8,"Oberst, Wegmann, Stodt, Brand, Chamarro ",Negative consequences from heavy social networking in adolescents: The mediating role of fear of missing ,2017,1,0,1468,0,16-18,16.59,0.62,-999,0,-999,-999,-999,-999,"Latin America (Argentina, Bolivia, Chile, Colombia,Dominican Republic, Ecuador, el Salvador, Guatemala, Honduras, Mexico, Nicaragua, Panama, Paraguay, Peru, Puerto Rico, Uruguay, Venezuela)",74.3,-999,-999,-999,-999,-999,-999,-999,-999,-999,"Social Network Intensity - SNI (Salehan & Negahban, 2013)","0, 2",0,-999,0,"Hospital Anxiety and Depression Scale - HADS (Quintana et al., 2003)",1,-999,1,0.715,-999,-999,-999,1,Anxiety subscore from HADS,0.285,0,-999,0.293115727,0.026126497,0.000682594,-999,-999,-999,-999,0.285,0.237,0.331,,,
2,8,"Oberst, Wegmann, Stodt, Brand, Chamarro ",Negative consequences from heavy social networking in adolescents: The mediating role of fear of missing ,2017,1,0,1468,0,16-18,16.59,0.62,-999,0,-999,-999,-999,-999,"Latin America (Argentina, Bolivia, Chile, Colombia,Dominican Republic, Ecuador, el Salvador, Guatemala, Honduras, Mexico, Nicaragua, Panama, Paraguay, Peru, Puerto Rico, Uruguay, Venezuela)",74.3,-999,-999,-999,-999,-999,-999,-999,-999,-999,"Social Network Intensity - SNI (Salehan & Negahban, 2013)","0, 2",0,-999,1,"Hospital Anxiety and Depression Scale - HADS (Quintana et al., 2003)",-999,0,1,0.589,-999,-999,-999,1,Depression subscore from HADS,0.158,0,-999,0.159334822,0.026126497,0.000682594,-999,-999,-999,-999,0.158,0.108,0.207,,,
3,8,"Oberst, Wegmann, Stodt, Brand, Chamarro ",Negative consequences from heavy social networking in adolescents: The mediating role of fear of missing ,2017,1,0,1468,0,16-18,16.59,0.62,-999,0,-999,-999,-999,-999,"Latin America (Argentina, Bolivia, Chile, Colombia,Dominican Republic, Ecuador, el Salvador, Guatemala, Honduras, Mexico, Nicaragua, Panama, Paraguay, Peru, Puerto Rico, Uruguay, Venezuela)",74.3,-999,-999,-999,-999,-999,-999,-999,-999,-999,"Social Network Intensity - SNI (Salehan & Negahban, 2013)","0, 2",0,-999,0,"FoMO scale (Przybylksi et al., 2013)",3,-999,1,0.828,0,0,1,1,-999,0.461,0,-999,0.49858042,0.026126497,0.000682594,-999,-999,-999,-999,0.461,0.42,0.5,,,
1,9,"Dhira, Yossatornc, Kaurb, Chen ","Online social media fatigue and psychological wellbeing—A study of compulsive use, fear of missing out, fatigue, anxiety and depression ",2018,1,0,1554,0,12 to 18,14.63,1.73,-999,-999,-999,-999,-999,-999,India,45.5,-999,-999,-999,-999,-999,-999,-999,-999,-999,"Bergen Facebook Addiction Scale - BFAS (Andreassan, 2012)","0, 2",0,-999,0,Social Anxiety Scale for Children–Revised (SASC-R),0,-999,1,0.92,0,0,2,1,-999,0.33,1,5,0.342828254,0.025391836,0.000644745,-999,-999,-999,"The article considered this a ""pseudo-longitudinal"", participants in each wave were selecte doutside of the original pool of participants; a cross-sectional study. ",0.33,0.285,0.374,,,
2,9,"Dhira, Yossatornc, Kaurb, Chen ","Online social media fatigue and psychological wellbeing—A study of compulsive use, fear of missing out, fatigue, anxiety and depression ",2018,1,0,1554,0,12 to 18,14.63,1.73,-999,-999,-999,-999,-999,-999,India,45.5,-999,-999,-999,-999,-999,-999,-999,-999,-999,"Bergen Facebook Addiction Scale - BFAS (Andreassan, 2012)","0, 2",0,-999,1,"Depression Scale - DEPS (Salokangas, Poutanen, & Stengård, 1995)",-999,0,1,0.88,0,0,-999,1,-999,0.38,1,5,0.40005965,0.025391836,0.000644745,-999,-999,-999,"The article considered this a ""pseudo-longitudinal"", participants in each wave were selecte doutside of the original pool of participants; a cross-sectional study. ",0.38,0.337,0.422,,,
3,9,"Dhira, Yossatornc, Kaurb, Chen ","Online social media fatigue and psychological wellbeing—A study of compulsive use, fear of missing out, fatigue, anxiety and depression ",2018,1,0,1554,0,12 to 18,14.63,1.73,-999,-999,-999,-999,-999,-999,India,45.5,-999,-999,-999,-999,-999,-999,-999,-999,-999,"Bergen Facebook Addiction Scale - BFAS (Andreassan, 2012)","0, 2",0,-999,0,"FOMO scale (Przybylksi et al., 2013)",3,-999,1,0.8,0,0,1,1,-999,0.37,1,5,0.3884231,0.025391836,0.000644745,-999,-999,-999,"The article considered this a ""pseudo-longitudinal"", participants in each wave were selecte doutside of the original pool of participants; a cross-sectional study. ",0.37,0.326,0.412,,,
4,9,"Dhira, Yossatornc, Kaurb, Chen ","Online social media fatigue and psychological wellbeing—A study of compulsive use, fear of missing out, fatigue, anxiety and depression ",2018,1,0,1554,0,12 to 18,14.63,1.73,-999,-999,-999,-999,-999,-999,India,45.5,-999,-999,-999,-999,-999,-999,-999,-999,-999,"Bergen Facebook Addiction Scale - BFAS (Andreassan, 2012)","0, 2",0,-999,2,"Fatigue due to Social Networking System - FSNS (Bright et al., 2015)",-999,-999,1,0.75,0,0,1,1,-999,0.52,1,5,0.576339755,0.025391836,0.000644745,-999,-999,-999,"The article considered this a ""pseudo-longitudinal"", participants in each wave were selecte doutside of the original pool of participants; a cross-sectional study. ",0.52,0.483,0.555,,,
1,9,"Dhira, Yossatornc, Kaurb, Chen ","Online social media fatigue and psychological wellbeing—A study of compulsive use, fear of missing out, fatigue, anxiety and depression ",2018,1,0,1144,0,12 to 18,14.88,1.41,-999,-999,-999,-999,-999,-999,India,44,-999,-999,-999,-999,-999,-999,-999,-999,-999,"Bergen Facebook Addiction Scale - BFAS (Andreassan, 2012)","0, 2",0,-999,0,"Social Anxiety Scale for Children - SASC-R (La Greca & Lopez, 1998)",0,-999,1,0.92,0,0,2,1,-999,0.22,1,5,0.223656109,0.029604462,0.000876424,-999,-999,-999,"The article considered this a ""pseudo-longitudinal"", participants in each wave were selecte doutside of the original pool of participants; a cross-sectional study. ",0.22,115,0.228,,,
2,9,"Dhira, Yossatornc, Kaurb, Chen ","Online social media fatigue and psychological wellbeing—A study of compulsive use, fear of missing out, fatigue, anxiety and depression ",2018,1,0,1144,0,12 to 18,14.88,1.41,-999,-999,-999,-999,-999,-999,India,44,-999,-999,-999,-999,-999,-999,-999,-999,-999,"Bergen Facebook Addiction Scale - BFAS (Andreassan, 2012)","0, 2",0,-999,1,"Depression Scale - DEPS (Salokangas et al., 1995)",-999,0,1,0.88,0,0,-999,1,-999,0.31,1,5,0.320545409,0.029604462,0.000876424,-999,-999,-999,"The article considered this a ""pseudo-longitudinal"", participants in each wave were selecte doutside of the original pool of participants; a cross-sectional study. ",0.31,0.257,0.361,,,
3,9,"Dhira, Yossatornc, Kaurb, Chen ","Online social media fatigue and psychological wellbeing—A study of compulsive use, fear of missing out, fatigue, anxiety and depression ",2018,1,0,1144,0,12 to 18,14.88,1.41,-999,-999,-999,-999,-999,-999,India,44,-999,-999,-999,-999,-999,-999,-999,-999,-999,"Bergen Facebook Addiction Scale - BFAS (Andreassan, 2012)","0, 2",0,-999,0,"FOMO scale (Przybylksi et al., 2013)",3,-999,1,0.8,0,0,1,1,-999,0.24,1,5,0.244774113,0.029604462,0.000876424,-999,-999,-999,"The article considered this a ""pseudo-longitudinal"", participants in each wave were selecte doutside of the original pool of participants; a cross-sectional study. ",0.24,0.185,0.294,,,
4,9,"Dhira, Yossatornc, Kaurb, Chen ","Online social media fatigue and psychological wellbeing—A study of compulsive use, fear of missing out, fatigue, anxiety and depression ",2018,1,0,1144,0,12 to 18,14.88,1.41,-999,-999,-999,-999,-999,-999,India,44,-999,-999,-999,-999,-999,-999,-999,-999,-999,"Bergen Facebook Addiction Scale - BFAS (Andreassan, 2012)","0, 2",0,-999,2,"Fatigue due to Social Networking System - FSNS (Bright et al., 2015)",-999,-999,1,0.75,0,0,1,1,-999,0.6,1,5,0.693147181,0.029604462,0.000876424,-999,-999,-999,"The article considered this a ""pseudo-longitudinal"", participants in each wave were selecte doutside of the original pool of participants; a cross-sectional study. ",0.6,0.562,0.636,,,
1,10,"Tandona, Kaurb, Dhirc, Ma'ntyma'ki ",Sleepless due to social media? Investigating problematic sleep due to social media and social media sleep hygiene ,2020,1,0,1398,0,19-27,-999,-999,-999,1,-999,-999,-999,-999,India,57.4,-999,-999,-999,-999,-999,-999,-999,-999,-999,"Compulsive Social Media Use - CSMU (Andreassan et al., 2012)","0, 2",0,-999,0,"Social Anxiety Scale for Children - SASC-R (La Greca & Lopez, 1998)",0,-999,1,0.89,0,0,-999,1,-999,0.32,0,-999,0.331647109,0.026773978,0.000716846,-999,-999,-999,-999,0.32,0.272,0.366,,,
2,10,"Tandona, Kaurb, Dhirc, Ma'ntyma'ki ",Sleepless due to social media? Investigating problematic sleep due to social media and social media sleep hygiene ,2020,1,0,1398,0,19-27,-999,-999,-999,1,-999,-999,-999,-999,India,57.4,-999,-999,-999,-999,-999,-999,-999,-999,-999,"Compulsive Social Media Use - CSMU (Andreassan et al., 2012)","0, 2",0,-999,1,"Depression Scale - DEPS (Salokangas et al., 1995)",-999,0,1,0.77,0,0,-999,1,-999,0.36,0,-999,0.376885901,0.026773978,0.000716846,-999,-999,-999,-999,0.36,0.313,0.405,,,
3,10,"Tandona, Kaurb, Dhirc, Ma'ntyma'ki ",Sleepless due to social media? Investigating problematic sleep due to social media and social media sleep hygiene ,2020,1,0,1398,0,19-27,-999,-999,-999,1,-999,-999,-999,-999,India,57.4,-999,-999,-999,-999,-999,-999,-999,-999,-999,"Compulsive Social Media Use - CSMU (Andreassan et al., 2012)","0, 2",0,-999,0,"FOMO scale (Przybylksi et al., 2013)",3,-999,1,0.74,0,0,-999,1,-999,0.31,0,-999,0.320545409,0.026773978,0.000716846,-999,-999,-999,-999,0.31,0.262,0.357,,,
1,10,"Tandona, Kaurb, Dhirc, Ma'ntyma'ki ",Sleepless due to social media? Investigating problematic sleep due to social media and social media sleep hygiene ,2020,1,0,1398,0,18-23,-999,-999,-999,1,-999,-999,-999,-999,India,63.1,-999,-999,-999,-999,-999,-999,-999,-999,-999,"Compulsive Social Media Use - CSMU (Andreassan et al., 2012)","0, 2",0,-999,0,"Social Anxiety Scale for Children - SASC-R (La Greca & Lopez, 1998)",0,-999,1,0.85,0,0,-999,1,-999,0.34,0,-999,0.354092529,0.026773978,0.000716846,-999,-999,-999,-999,0.34,0.293,0.386,,,
2,10,"Tandona, Kaurb, Dhirc, Ma'ntyma'ki ",Sleepless due to social media? Investigating problematic sleep due to social media and social media sleep hygiene ,2020,1,0,1398,0,18-23,-999,-999,-999,1,-999,-999,-999,-999,India,63.1,-999,-999,-999,-999,-999,-999,-999,-999,-999,"Compulsive Social Media Use - CSMU (Andreassan et al., 2012)","0, 2",0,-999,1,"Depression Scale - DEPS (Salokangas et al., 1995)",-999,0,1,0.75,0,0,-999,1,-999,0.33,0,-999,0.342828254,0.026773978,0.000716846,-999,-999,-999,-999,0.33,0.282,0.376,,,
3,10,"Tandona, Kaurb, Dhirc, Ma'ntyma'ki ",Sleepless due to social media? Investigating problematic sleep due to social media and social media sleep hygiene ,2020,1,0,1398,0,18-23,-999,-999,-999,1,-999,-999,-999,-999,India,63.1,-999,-999,-999,-999,-999,-999,-999,-999,-999,"Compulsive Social Media Use - CSMU (Andreassan et al., 2012)","0, 2",0,-999,0,"FOMO scale (Przybylksi et al., 2013)",3,-999,1,0.73,0,0,-999,1,-999,0.37,0,-999,0.3884231,0.026773978,0.000716846,-999,-999,-999,-999,0.37,0.324,0.414,,,
1,11,"Rosen, Carrier, Pedroza, Elias, O’Brien, Lozano, Kim, Cheever, Bentley, Ruiz ",The Role of Executive Functioning and Technological Anxiety (FOMO) in College Course Performance as Mediated by Technology Usage and Multitasking Habits,2018,1,0,216,0,-999,24.4,6.22,-999,1,-999,-999,-999,-999,US,62,12,13.4,56,14.8,-999,-999,-999,-999,-999,Media and Technology Usage and Attitudes Scale - MTUAS daily smartphone use subscale,"0, 2",0,Daily smartphone use subscale,0,Media and Technology Usage and Attitudes Scale - MTUAS anxiety without technology (FoMo) subscore,3,-999,1,0.78,0,0,-999,1,MTUAS anxiety without technology (FoMo) subscore,-0.25,0,-999,-0.255412812,0.068518871,0.004694836,-999,-999,-999,-999,-0.25,-0.371,-0.121,,,
2,11,"Rosen, Carrier, Pedroza, Elias, O’Brien, Lozano, Kim, Cheever, Bentley, Ruiz ",The Role of Executive Functioning and Technological Anxiety (FOMO) in College Course Performance as Mediated by Technology Usage and Multitasking Habits,2018,1,0,216,0,-999,24.4,6.22,-999,1,-999,-999,-999,-999,US,62,12,13.4,56,14.8,-999,-999,-999,-999,-999,"Minutes Smartphone Use per Day (phone application, Instant Quantified Self app)",1,0,-999,0,Media and Technology Usage and Attitudes Scale - MTUAS anxiety subscore,3,-999,1,0.78,0,0,-999,1,MTUAS anxiety without technology (FoMo) subscore,-0.17,1,2,-0.171666664,0.068518871,0.004694836,-999,-999,-999,-999,-0.17,-0.297,-0.037,,,
1,12,"Elhaia, Yanga, Rozgonjukd, Montag ",Using machine learning to model problematic smartphone use severity: The T significant role of fear of missing out ,2020,1,0,1097,0,-999,19.38,1.18,-999,1,-999,-999,-999,-999,China,81.9,-999,-999,-999,-999,-999,-999,-999,-999,-999,"Smartphone Addiction Scale Shortened Version - SAS-SV (Kwon et al., 2013)","0, 2",0,-999,0,"Depression Anxiety Stress Scale-21 (Lovibond & Lovibond, 1995)",1,-999,1,0.84,0,0,1,1,DASS Anxiety subscore,0.34,-999,-999,0.354092529,0.030233703,0.000914077,-999,-999,-999,-999,0.34,0.287,0.391,,,
2,12,"Elhaia, Yanga, Rozgonjukd, Montag ",Using machine learning to model problematic smartphone use severity: The T significant role of fear of missing out ,2020,1,0,1097,0,-999,19.38,1.18,-999,1,-999,-999,-999,-999,China,81.9,-999,-999,-999,-999,-999,-999,-999,-999,-999,"Smartphone Addiction Scale Shortened Version - SAS-SV (Kwon et al., 2013)","0, 2",0,-999,1,"Depression Anxiety Stress Scale-21 (Lovibond & Lovibond, 1995)",-999,0,1,0.87,0,0,1,1,DASS Depression subscore,0.31,-999,-999,0.320545409,0.030233703,0.000914077,-999,-999,-999,-999,0.31,0.255,0.363,,,
3,12,"Elhaia, Yanga, Rozgonjukd, Montag ",Using machine learning to model problematic smartphone use severity: The T significant role of fear of missing out ,2020,1,0,1097,0,-999,19.38,1.18,-999,1,-999,-999,-999,-999,China,81.9,-999,-999,-999,-999,-999,-999,-999,-999,-999,"Smartphone Addiction Scale Shortened Version - SAS-SV (Kwon et al., 2013)","0, 2",0,-999,0,"FOMO scale (Przybylksi et al., 2013)",3,-999,1,0.89,0,0,1,1,-999,0.4,-999,-999,0.42364893,0.030233703,0.000914077,-999,-999,-999,-999,0.4,0.349,0.449,,,
1,13,"Li, Lau, Mo, Su, Tang, Qin, Gross",Insomnia partially mediated the association between problematic Internet use and depression among secondary school students in China ,2017,1,0,1015,0,-999,-999,-999,7th to 9th,0,-999,-999,-999,-999,China,41.2,-999,-999,-999,-999,-999,-999,-999,-999,41.2,"Internet addiction Diagnostic Questionnaire (Young, 1998)","0, 2 ",0,-999,1,Center for Epidemiological Studies-Depression scale (CES-D) ,-999,"0, 1",1,0.87,0,0,1,1,Both PDD and MDD (higher scores indicate more severe),0.2722,-999,-999,0.27923834,0.03143,0.000987845,2.79,1.71,4.55,Non internet use vs. internet use,0.2722,0.214,0.328,,,
2,13,"Li, Lau, Mo, Su, Tang, Qin, Gross",Insomnia partially mediated the association between problematic Internet use and depression among secondary school students in China ,2017,1,0,1015,0,-999,-999,-999,8th to 9th,0,-999,-999,-999,-999,China,41.2,-999,-999,-999,-999,-999,-999,-999,-999,41.2,"Facebook Addiction Scale -  (Koc & Gulyagci, 2013)","0, 2 ",0,-999,1,Center for Epidemiological Studies-Depression scale (CES-D) ,-999,"0, 1",1,0.87,0,0,1,1,Both PDD and MDD (higher scores indicate more severe),0.3105,-999,-999,0.321098663,0.03143,0.000987845,3.27,2.33,4.59,No online social network site user vs. social network site user,0.3105,0.254,0.365,,,
1,14,"Jelenchick, Eickhoff, Moreno ",“Facebook Depression?” Social Networking Site Use and Depression in Older Adolescents ,2013,0,0,190,0,18-23,18.9,0.8,-999,1,-999,-999,-999,-999,US,58,91,1,3,3,0,3,-999,-999,49,Experience sample method - ESM surveys,"0, 2",1,43 surveys were administered to each participant over 7 days using text messages sent to and from participants’ personal cell phones. Surveys were ad- ministered at random intervals between 6 A.M. and 1 A.M. ,1,Patient Health Questionnaire-9 - PHQ,-999,"0, 1",1,-999,-999,-999,-999,-999,-999,0.0502,1,0.25,0.050242233,0.073123,0.005346973,1.2,0.7,2.1,Low use vs. average use,0.0502,-0.093,0.191,,,
2,14,"Jelenchick, Eickhoff, Moreno ",“Facebook Depression?” Social Networking Site Use and Depression in Older Adolescents ,2013,0,0,190,0,18-24,18.9,0.8,-999,1,-999,-999,-999,-999,US,58,91,1,3,3,0,3,-999,-999,49,Experience sample method - ESM surveys,"0, 3",1,44 surveys were administered to each participant over 7 days using text messages sent to and from participants’ personal cell phones. Surveys were ad- ministered at random intervals between 6 A.M. and 1 A.M. ,1,Patient Health Questionnaire-9 - PHQ,-999,"0, 1",1,-999,-999,-999,-999,-999,-999,0.1394,1,0.25,0.140313633,0.073123,0.005346973,0.6,0.2,2.1,Low use vs. high use,0.1394,-0.003,0.276,,,
3,14,"Jelenchick, Eickhoff, Moreno ",“Facebook Depression?” Social Networking Site Use and Depression in Older Adolescents ,2013,0,0,190,0,18-25,18.9,0.8,-999,1,-999,-999,-999,-999,US,58,91,1,3,3,0,3,-999,-999,49,Experience sample method - ESM surveys,"0, 4",1,45 surveys were administered to each participant over 7 days using text messages sent to and from participants’ personal cell phones. Surveys were ad- ministered at random intervals between 6 A.M. and 1 A.M. ,1,Patient Health Questionnaire-9 - PHQ,-999,"0, 1",1,-999,-999,-999,-999,-999,-999,0.1877,1,0.25,0.189952106,0.073123,0.005346973,0.5,0.1,1.8,Average use vs. high use,0.1877,0.047,0.321,,,
1,15,"Berrios Rolon, Maria M.",A quantitative study to explore the relationship between technostress symptoms and technostress among Puerto Rican university students,2014,0,1,250,1,-999,-999,-999,-999,-999,7.9,28.1,28.9,35,Puerto Rico,49.4,-999,-999,-999,-999,-999,-999,-999,-999,-999,"Personal Technostress Inventory - PTSI (Weil & Rosen, 1998)","0, 2",0,Technostress scale,"1, 2","Personal Technostress Inventory - PTSI (Weil & Rosen, 1998)",-999,-999,0,0.88,0,0,1,1,Technostress symptoms score (both anxiety AND depression),0.484,0,-999,0.528194829,0.0636284,0.004048573,-999,-999,-999,-999,0.484,0.383,0.574,,,
1,16,Woods & Scott,"#Sleepyteens: Social media use in adolescence is associated with poor sleep quality, anxiety, depression and low self-esteem ",2016,1,0,467,0,11-17,-999,-999,1st to 6th,0,-999,-999,-999,-999,Scotland,-999,-999,-999,-999,-999,-999,-999,-999,-999,-999,Overall Social Media Use,"0, 2 ",0,Adapted version of  Social Media Use Integration Scale,0,"Hospital Anxiety and Depression Scale - HADS (Zigmund & snaith, 1983)",-999,-999,1,0.8,0,0,-999,1,Anxiety subscale,0.21,0,-999,0.213171347,0.046423835,0.002155172,-999,-999,-999,-999,0.21,0.122,0.295,,,
2,16,Woods & Scott,"#Sleepyteens: Social media use in adolescence is associated with poor sleep quality, anxiety, depression and low self-esteem ",2016,1,0,467,0,11-17,-999,-999,1st to 6th,0,-999,-999,-999,-999,Scotland,-999,-999,-999,-999,-999,-999,-999,-999,-999,-999,Nighttime Social Media Use,"0, 2 ",0,Adapted version of  Social Media Use Integration Scale,0,"Hospital Anxiety and Depression Scale - HADS (Zigmund & snaith, 1983)",-999,-999,1,0.8,0,0,-999,1,Anxiety subscale,0.27,0,-999,0.276863823,0.046423835,0.002155172,-999,-999,-999,-999,0.27,0.184,0.352,,,
3,16,Woods & Scott,"#Sleepyteens: Social media use in adolescence is associated with poor sleep quality, anxiety, depression and low self-esteem ",2016,1,0,467,0,11-17,-999,-999,1st to 6th,0,-999,-999,-999,-999,Scotland,-999,-999,-999,-999,-999,-999,-999,-999,-999,-999,Overall Social Media Use,"0, 2 ",0,Adapted version of  Social Media Use Integration Scale,1,"Hospital Anxiety and Depression Scale - HADS (Zigmund & snaith, 1983)",-999,-999,1,0.72,0,0,-999,1,Anxiety subscale,0.11,0,-999,0.110446916,0.046423835,0.002155172,-999,-999,-999,-999,0.11,0.019,0.199,,,
4,16,Woods & Scott,"#Sleepyteens: Social media use in adolescence is associated with poor sleep quality, anxiety, depression and low self-esteem ",2016,1,0,467,0,11-17,-999,-999,1st to 6th,0,-999,-999,-999,-999,Scotland,-999,-999,-999,-999,-999,-999,-999,-999,-999,-999,Nighttime Social Media Use,"0, 2 ",0,Adapted version of  Social Media Use Integration Scale,1,"Hospital Anxiety and Depression Scale - HADS (Zigmund & snaith, 1983)",-999,-999,1,0.72,0,0,-999,1,Anxiety subscale,0.21,0,-999,0.213171347,0.046423835,0.002155172,-999,-999,-999,-999,0.21,0.122,0.295,,,
1,17,"Vannuccia, Flannery, McCauley-Ohannessian ",Social media use and anxiety in emerging adults,2017,1,0,563,0,18-22,20,1.42,high school to graduate school,1,-999,-999,-999,-999,U.S.,50.2,63.3,13.5,12.1,7.6,-999,-999,-999,-999,-999,"Technology Use Questions (Ohannessian, 2009)","0,2",0,,0,Beck Anxiety Inventory-Trait (BAI-T),4,-999,1,0.96,0,0,-999,1,Dispositional anxiety,0.37,0,-999,0.3884231,0.042257713,0.001785714,-999,-999,-999,-999,0.37,0.296,0.439,,,
2,17,"Vannuccia, Flannery, McCauley-Ohannessian ",Social media use and anxiety in emerging adults,2017,1,0,563,0,18-22,20,1.42,high school to graduate school,1,-999,-999,-999,-999,U.S.,50.2,63.3,13.5,12.1,7.6,-999,-999,-999,-999,-999,"Technology Use Questions (Ohannessian, 2009)","0, 2 ",0,,0,Overall Anxiety Severity and Impairement Scale (OASIS),-999,-999,1,0.9,0,0,-999,1,-999,0.08,0,-999,0.080171325,0.042257713,0.001785714,-999,-999,-999,-999,0.08,-0.003,0.162,,,
1,18,"Morin-Majora, Marina, Durand, Wanc, Justerc, Lupien ",Facebook behaviors associated with diurnal cortisol in adolescents: Is befriending stressful? ,2016,1,0,88,0,12-17,14.5,1.76,-999,0,-999,-999,-999,-999,Canada,53.4,-999,-999,-999,-999,-999,-999,-999,-999,-999,Facebook Frequency,2,0,Hours per week,1,Child Depression Inventory,-999,-999,1,0.875,0,0,-999,1,-999,-0.097,0,-999,-0.097305953,0.108465229,0.011764706,-999,-999,-999,-999,-0.097,-0.3,0.115,,,
1,19,"Hanprathet, Manwong, Khumsri, Yingyeun, Phanasathit",Facebook Addiction and Its Relationship with Mental Health among Thai High School Students ,2015,1,0,972,1,-999,16.7,1,high school,0,-999,-999,-999,-999,Thailand,549,-999,-999,-999,-999,-999,-999,-999,-999,-999,Thai-BFAS,"0, 2",0,,0,"Thai General Health Questionnaire (Goldberg, 1972)",-999,-999,1,0.91,0,0,1,1,Insomnia and anxiety subscore,0.072,0,-999,0.072124804,0.032124628,0.001031992,1.3,0.9,1.9,Severe facebook addiction vs. not severe Facebook addiction,0.072,0.009,0.134,,,
2,19,"Hanprathet, Manwong, Khumsri, Yingyeun, Phanasathit",Facebook Addiction and Its Relationship with Mental Health among Thai High School Students ,2015,1,0,972,1,-999,16.7,1,high school,0,-999,-999,-999,-999,Thailand,549,-999,-999,-999,-999,-999,-999,-999,-999,-999,Thai-BFAS,"0, 3",0,,1,"Thai General Health Questionnaire (Goldberg, 1972)",-999,1,1,0.91,0,0,1,1,Severe depression subscore,0.188,0,-999,0.19026308,0.032124628,0.001031992,2,1.3,3.2,Severe facebook addiction vs. not severe Facebook addiction,0.188,0.127,0.248,,,
3,19,"Hanprathet, Manwong, Khumsri, Yingyeun, Phanasathit",Facebook Addiction and Its Relationship with Mental Health among Thai High School Students ,2015,1,0,972,1,-999,16.7,1,high school,0,-999,-999,-999,-999,Thailand,549,-999,-999,-999,-999,-999,-999,-999,-999,-999,Thai-BFAS,"0, 2",0,,0,"Thai General Health Questionnaire (Goldberg, 1972)",-999,-999,1,0.91,0,0,1,1,Insomnia and anxiety subscore,0.05,0,-999,0.050041729,0.032124628,0.001031992,1.2,0.9,1.6,No Facebook addiction vs. Facebook addiction,0.05,-0.013,0.113,,,
4,19,"Hanprathet, Manwong, Khumsri, Yingyeun, Phanasathit",Facebook Addiction and Its Relationship with Mental Health among Thai High School Students ,2015,1,0,972,1,-999,16.7,1,high school,0,-999,-999,-999,-999,Thailand,549,-999,-999,-999,-999,-999,-999,-999,-999,-999,Thai-BFAS,"0, 3",0,,1,"Thai General Health Questionnaire (Goldberg, 1972)",-999,1,1,0.91,0,0,1,1,Severe depression subscore,0.174,0,-999,0.175788613,0.032124628,0.001031992,1.9,1.3,2.6,No Facebook addiction vs. Facebook addiction,0.174,0.112,0.234,,,
1,20,Frison and Eggermont ,"Exploring the Relationships Between Different Types of Facebook Use, Perceived Online Social Support, and Adolescents’ Depressed Mood ",2016,1,0,910,1,-999,15.44,1.71,high school,0,-999,-999,-999,-999,Belgium,51.9,-999,-999,-999,-999,-999,-999,-999,-999,-999,Facebook use frequency scale,"0, 2",0,Passive FB Use,1,Center for Epidemiological Studies Depression Scale for Children (CES-DC),-999,-999,1,0.84,0,0,1,1,Depression symptoms,0.21,0,-999,0.213171347,0.033204455,0.001102536,-999,-999,-999,-999,0.21,0.147,0.271,,,
2,20,Frison and Eggermont ,"Exploring the Relationships Between Different Types of Facebook Use, Perceived Online Social Support, and Adolescents’ Depressed Mood ",2016,1,0,910,1,-999,15.44,1.71,high school,0,-999,-999,-999,-999,Belgium,51.9,-999,-999,-999,-999,-999,-999,-999,-999,-999,Facebook use frequency scale,"0, 2",0,Active Private FB Use,1,Center for Epidemiological Studies Depression Scale for Children (CES-DC),-999,-999,1,0.84,0,0,1,1,Depression symptoms,0.11,0,-999,0.110446916,0.033204455,0.001102536,-999,-999,-999,-999,0.11,0.045,0.174,,,
3,20,Frison and Eggermont ,"Exploring the Relationships Between Different Types of Facebook Use, Perceived Online Social Support, and Adolescents’ Depressed Mood ",2016,1,0,910,1,-999,15.44,1.71,high school,0,-999,-999,-999,-999,Belgium,51.9,-999,-999,-999,-999,-999,-999,-999,-999,-999,Facebook use frequency scale,"0, 2",0,Active Public FB Use,1,Center for Epidemiological Studies Depression Scale for Children (CES-DC),-999,-999,1,0.84,0,0,1,1,Depression symptoms,0.31,0,-999,0.320545409,0.033204455,0.001102536,-999,-999,-999,-999,0.31,0.25,0.368,,,
1,21,"Twenge, Joiner, Rogers, and Martin ","Corrigendum: Increases in Depressive Symptoms, Suicide-Related Outcomes, and Suicide Rates Among U.S. Adolescents After 2010 and Links to Increased New Media Screen Time ",2018,1,0,388275,0,-999,-999,-999,8th to 12th,0,-999,-999,-999,-999,US,51.1,62.2,11.3,6.3,-999,-999,-999,-999,-999,-999,Social Media Use (Monitoring the Future),"0, 2 ",0,-999,1,Bentler Medical and Psychological Functioning Inventory depression scale,-999,-999,1,0.86,0,0,-999,1,-999,0.05,0,-999,0.050041729,0.001604841,2.57551E-06,-999,-999,-999,-999,0.05,0.047,0.053,,,
1,22,"Twenge, Joiner, Rogers, and Martin ","Corrigendum: Increases in Depressive Symptoms, Suicide-Related Outcomes, and Suicide Rates Among U.S. Adolescents After 2010 and Links to Increased New Media Screen Time ",2018,1,0,118545,0,-999,-999,-999,9th to 12th,0,-999,-999,-999,-999,US,49.6,61,12.4,16.1,-999,-999,-999,-999,-999,-999,Electronic Device Use (Youth Risk Behavior Surveillance System),"0, 2",0,-999,1,Bentler Medical and Psychological Functioning Inventory depression scale,-999,-999,1,0.86,0,0,-999,1,-999,0.12,0,-999,0.120581028,0.00290445,8.43583E-06,-999,-999,-999,-999,0.12,0.114,0.126,,,
1,23,Neira and Barber,"Social Networking Site Use: Linked to adolescents' social self-concept, self-esteem, and depressed mood",2014,1,0,1819,0,13-17,14.6,1.05,9th and 11th,0,-999,-999,-999,-999,Australia,55,83.4,1.3,-999,7.2,-999,-999,-999,-999,-999,Social Network Sites Frequency,"0, 2",0,-999,1,Depressed mood scale (Modecki et al. 2013),-999,-999,1,0.76,0,1,-999,1,-999,-0.09,0,-999,-0.090244188,0.023466163,0.000550661,-999,-999,-999,-999,-0.09,-0.135,-0.044,,,
2,23,Neira and Barber,"Social Networking Site Use: Linked to adolescents' social self-concept, self-esteem, and depressed mood",2014,1,0,1819,0,13-17,14.6,1.05,9th and 11th,0,-999,-999,-999,-999,Australia,55,83.4,1.3,-999,7.2,-999,-999,-999,-999,-999,Social Network Sites Investment,"0, 2",0,-999,1,Depressed mood scale (Modecki et al. 2013),-999,-999,1,0.76,0,1,-999,1,-999,0.22,0,-999,0.223656109,0.023466163,0.000550661,-999,-999,-999,-999,0.22,0.176,0.263,,,
1,24,"Pantic, Damjanovic, Todorovic, Topalovic, Bojovic-Jovic, Ristic, & Pantic ",Association Between Online Social Networking And Depression In High School Students: Behavioral Physiology Viewpoint ,2012,1,0,160,0,-999,18.02,0.29,high school,0,-999,-999,-999,-999,Serbia,68.1,-999,-999,-999,-999,-999,-999,-999,-999,-999,Avg daily time spent on social network,2,0,-999,1,Beck Depression Inventory (BDI-II-II),-999,-999,1,-999,-999,-999,-999,1,-999,0.15,0,-999,0.151140436,0.079808688,0.006369427,-999,-999,-999,-999,0.15,-0.005,0.298,,,
1,25,"Fardouly, Magson, Johnco, Oar, Rapee",Parental Control of the Time Preadolescents Spend on Social Media: Links with Preadolescents’ Social Media Appearance Comparisons and Mental Health ,2018,1,0,284,0,10-12,11.2,0.56,6th,0,-999,-999,-999,-999,Australia,53.2,79.9,-999,-999,6,-999,-999,-999,-999,-999,Avg daily time spent on social media,"0, 2",0,-999,1,Short Mood and Feelings Questionnaire-Child (SMFQ-C),-999,-999,1,0.83,0,0,-999,1,-999,0.04,0,-999,0.040021354,0.059654999,0.003558719,-999,-999,-999,-999,0.04,-0.077,0.156,,,
1,26,"Baker, Krieger, LeRoy ","Fear of Missing Out: Relationships With Depression, Mindfulness, and Physical Symptoms ",2016,1,0,386,0,-999,21.98,5.22,-999,1,-999,-999,-999,-999,US,80.84,49.86,12.53,-999,27.79,1.36,8.17,-999,-999,-999,Daily time spent on social networking sites,"0, 2",0,-999,1,Center for Epidemiological Studies-Depression scale (CES-D) ,-999,-999,1,0.89,0,0,-999,1,-999,0.09,0,-999,0.090244188,0.051097613,0.002610966,-999,-999,-999,-999,0.09,-0.01,0.188,,,
2,26,"Baker, Krieger, LeRoy ","Fear of Missing Out: Relationships With Depression, Mindfulness, and Physical Symptoms ",2016,1,0,386,0,-999,21.98,5.22,-999,1,-999,-999,-999,-999,US,80.84,49.86,12.53,-999,27.79,1.36,8.17,-999,-999,-999,Daily time spent on social networking sites,"0, 2",0,-999,1,"FOMO scale (Przybylksi et al., 2013)",3,-999,1,0.88,0,0,-999,1,-999,0.3,0,-999,0.309519604,0.051097613,0.002610966,-999,-999,-999,-999,0.3,0.206,0.388,,,
1,27,"Frison, Bastin, Bijttebier, and Eggermont ",Helpful or Harmful? The Different Relationships between Private Facebook Interactions and Adolescents’ Depressive Symptoms ,2017,1,0,1621,0,12-19,14.76,1.41,-999,0,-999,-999,-999,-999,Belgium,48,-999,-999,-999,-999,-999,-999,-999,-999,-999,Daily time spent on Facebook,"0, 2",0,-999,1,Center for Epidemiological Studies Depression Scale for Children (CES-DC),-999,-999,1,0.83,0,0,-999,1,Wave 1,0.16,1,6,0.161386696,0.024860551,0.000618047,-999,-999,-999,-999,0.16,0.112,0.207,,,1
2,27,"Frison, Bastin, Bijttebier, and Eggermont ",Helpful or Harmful? The Different Relationships between Private Facebook Interactions and Adolescents’ Depressive Symptoms ,2017,1,0,1621,0,12-19,14.76,1.41,-999,0,-999,-999,-999,-999,Belgium,48,-999,-999,-999,-999,-999,-999,-999,-999,-999,Daily time spent on Facebook,"0, 2",0,From Wave 1,1,Center for Epidemiological Studies Depression Scale for Children (CES-DC),-999,-999,1,0.83,0,0,-999,1,Wave 2,0.08,1,6,0.080171325,0.024860551,0.000618047,-999,-999,-999,-999,0.08,0.031,0.128,,,1
1,28,"Frison, Subrahmanyam, Eggermont ",The Short-Term Longitudinal and Reciprocal Relations Between Peer Victimization on Facebook and Adolescents’ Well-Being ,2016,1,0,1621,0,12-19,14.76,1.41,-999,0,-999,-999,-999,-999,Belgium,-999,-999,-999,-999,-999,-999,-999,-999,-999,-999,Daily time spent on Facebook,"0, 2",0,-999,1,Center for Epidemiological Studies Depression Scale for Children (CES-DC),-999,-999,1,0.87,0,0,-999,1,Wave 1,0.15,1,6,0.151140436,0.024860551,0.000618047,-999,-999,-999,-999,0.15,0.102,0.197,,,
2,28,"Frison, Subrahmanyam, Eggermont ",The Short-Term Longitudinal and Reciprocal Relations Between Peer Victimization on Facebook and Adolescents’ Well-Being ,2016,1,0,1621,0,12-20,14.76,1.41,-999,0,-999,-999,-999,-999,Belgium,-999,-999,-999,-999,-999,-999,-999,-999,-999,-999,Daily time spent on Facebook,"0, 2",0,From Wave 1,1,Center for Epidemiological Studies Depression Scale for Children (CES-DC),-999,-999,1,0.87,0,0,-999,1,Wave 2,0.11,1,6,0.110446916,0.024860551,0.000618047,-999,-999,-999,-999,0.11,0.062,0.158,,,
1,29,Sampasa-Kanyinga and Lewis ,"Frequent Use of Social Networking Sites Is Associated with Poor Psychological
Functioning Among Children and Adolescents",2015,1,0,753,0,-999,15,0.2,7-12th,0,-999,-999,-999,-999,Canada,48.5,-999,-999,-999,-999,-999,-999,-999,-999,-999,Daily time spent on social networking sites,"0, 2",0,-999,"0, 1",Kessler Psychological Distress Scale (K-10),-999,-999,1,0.93,0,0,1,1,Depression and anxiety symptoms over 4 week period,0.403,0,-999,0.427225483,0.036514837,0.001333333,4.94,3.32,7.36,Between y/n psychological stress for those that had daily use of 2+ hours,0.403,0.341,0.461,,,
2,29,Sampasa-Kanyinga and Lewis ,"Frequent Use of Social Networking Sites Is Associated with Poor Psychological
Functioning Among Children and Adolescents",2015,1,0,753,0,-1000,15,0.2,7-12th,0,-999,-999,-999,-999,Canada,48.5,-999,-999,-999,-999,-999,-999,-999,-999,-999,Daily time spent on social networking sites,"0, 2",0,-999,"0, 2",Kessler Psychological Distress Scale (K-10),-999,-999,1,0.93,0,0,1,1,Depression and anxiety symptoms over 4 week period,0.12,0,-999,0.120581028,0.036514837,0.001333333,1.55,0.9,2.83,Between y/n psychological stress for those that had daily use up to 2 hours,0.12,0.049,0.19,,,
1,30,Ma,A Latent Profile Analysis of Internet use and Its Association with Psychological Well-Being Outcomes among Hong Kong Chinese Early Adolescents ,2018,1,0,1401,0,11-16,12.43,0.7,high school,0,-999,-999,-999,-999,China,46,-999,-999,-999,-999,-999,-999,-999,-999,-999,Monthly frequency of social networking,"0, 2",0,-999,1,Patient Health Questionnaire-9 - PHQ-9,-999,-999,1,0.9,0,-999,-999,1,-999,0.12,0,-999,0.120581028,0.026745235,0.000715308,-999,-999,-999,-999,0.12,0.068,0.171,,,
1,31,"Kelly, Zilanawala, Booker, Sacker ",Social Media Use and Adolescent Mental Health: Findings From the UK Millennium Cohort Study ,2018,1,0,10904,0,14,14.3,0.34,-999,0,-999,-999,-999,-999,-999,-999,-999,-999,-999,-999,-999,-999,-999,-999,-999,Avg daily time spent on social media,"0, 2",0,-999,1,Short Mood and Feelings Questionnaire (SMFQ),-999,-999,-999,-999,-999,-999,-999,1,-999,-0.553,0,-999,-0.622692614,0.009577824,9.17347E-05,0.09,0.02,0.17,-999,-0.553,-0.566,-0.54,,,
2,31,"Kelly, Zilanawala, Booker, Sacker ",Social Media Use and Adolescent Mental Health: Findings From the UK Millennium Cohort Study ,2018,1,0,10904,0,14,14.3,0.34,-999,0,-999,-999,-999,-999,-999,-999,-999,-999,-999,-999,-999,-999,-999,-999,-999,Avg daily time spent on social media,"0, 2",0,-999,1,Short Mood and Feelings Questionnaire (SMFQ),-999,-999,-999,-999,-999,-999,-999,1,-999,-0.536,0,-999,-0.598526181,0.009577824,9.17347E-05,0.1,-0.04,0.06,-999,-0.536,-0.376,-0.344,,,
3,31,"Kelly, Zilanawala, Booker, Sacker ",Social Media Use and Adolescent Mental Health: Findings From the UK Millennium Cohort Study ,2018,1,0,10904,0,14,14.3,0.34,-999,0,-999,-999,-999,-999,-999,-999,-999,-999,-999,-999,-999,-999,-999,-999,-999,Avg daily time spent on social media,"0, 2",0,-999,1,Short Mood and Feelings Questionnaire (SMFQ),-999,-999,-999,-999,-999,-999,-999,1,-999,-0.536,0,-999,-0.598526181,0.009577824,9.17347E-05,0.1,0.04,0.16,-999,-0.536,-0.376,-0.344,,,
4,31,"Kelly, Zilanawala, Booker, Sacker ",Social Media Use and Adolescent Mental Health: Findings From the UK Millennium Cohort Study ,2018,1,0,10904,0,14,14.3,0.34,-999,0,-999,-999,-999,-999,-999,-999,-999,-999,-999,-999,-999,-999,-999,-999,-999,Avg daily time spent on social media,"0, 2",0,-999,1,Short Mood and Feelings Questionnaire (SMFQ),-999,-999,-999,-999,-999,-999,-999,1,-999,-0.536,0,-999,-0.598526181,0.009577824,9.17347E-05,0.1,0.05,0.16,-999,-0.536,-0.376,-0.344,,,
1,32,"Wang, Wang, Wub, Xiec, Wanga, Zhaoa, Ouyanga, Lei ",Social networking sites addiction and adolescent depression: A moderated mediation model of rumination and self-esteem ,2018,1,0,365,0,14-18,15.96,0.69,-999,0,-999,-999,-999,-999,-999,52,-999,-999,-999,-999,-999,-999,-999,-999,-999,Social networking sites addiction,"0, 2",0,Adapted Facebook Intrustion Questionnaire (FIQ),1,Center for Epidemiological Studies-Depression scale (CES-D) ,-999,-999,1,0.91,0,0,-999,1,-999,0.18,0,-999,0.181982689,0.052558833,0.002762431,-999,-999,-999,-999,0.18,0.079,0.278,,,
1,33,"Vernon, Modecki, & Barber ",Tracking Effects of Problematic Social Networking on Adolescent Psychopathology: The Mediating Role of Sleep Disruptions ,2017,1,0,874,0,-999,14.4,-999,high school,0,-999,-999,-999,-999,-999,59,57.2,-999,-999,7.2,-999,-999,-999,-999,-999,Problematic social network use,"0, 2",0,"Adapted from Internet addiction Diagnostic Questionnaire (Young, 1998); Baseline",1,Michican Study of Adolescent Life Transitions scale,-999,-999,1,0.8,0,0,-999,1,Baseline,0.31,1,36,0.320545409,0.033883707,0.001148106,-999,-999,-999,-999,0.31,0.249,0.369,,,
2,33,"Vernon, Modecki, & Barber ",Tracking Effects of Problematic Social Networking on Adolescent Psychopathology: The Mediating Role of Sleep Disruptions ,2017,1,0,874,0,-999,14.4,-999,high school,0,-999,-999,-999,-999,-999,59,57.2,-999,-999,7.2,-999,-999,-999,-999,-999,Problematic social network use,"0, 2",0,"Adapted from Internet addiction Diagnostic Questionnaire (Young, 1998); Wave 1",1,Michican Study of Adolescent Life Transitions scale,-999,-999,1,0.83,0,0,-999,1,Wave 1,0.33,1,36,0.342828254,0.033883707,0.001148106,-999,-999,-999,-999,0.33,0.27,0.388,,,
3,33,"Vernon, Modecki, & Barber ",Tracking Effects of Problematic Social Networking on Adolescent Psychopathology: The Mediating Role of Sleep Disruptions ,2017,1,0,874,0,-999,14.4,-999,high school,0,-999,-999,-999,-999,-999,59,57.2,-999,-999,7.2,-999,-999,-999,-999,-999,Problematic social network use,"0, 2",0,"Adapted from Internet addiction Diagnostic Questionnaire (Young, 1998); Wave 1",1,Michican Study of Adolescent Life Transitions scale,-999,-999,1,0.83,0,0,-999,1,Wave 2,0.24,1,36,0.244774113,0.033883707,0.001148106,-999,-999,-999,-999,0.24,0.176,0.302,,,
1,34,Frison & Eggermont,"Browsing, Posting, and Liking on Instagram: The Reciprocal Relationships Between Different Tyeps of Instagram Use and Adolescents' Depressed Mood",2017,1,0,671,0,12-19,14.96,1.29,high school,0,-999,-999,-999,-999,-999,61,58.2,-999,-999,8.2,-999,-999,-999,-999,-999,Instagram use - Browsing,"0, 2",0,Wave 1,1,Center for Epidemiological Studies Depression Scale for Children (CES-DC),-999,-999,1,0.87,0,0,-999,1,"Depression symptoms, Wave 1",0.11,1,6,0.110446916,0.038691162,0.001497006,-999,-999,-999,-999,0.11,0.035,0.184,,,
2,34,Frison & Eggermont,"Browsing, Posting, and Liking on Instagram: The Reciprocal Relationships Between Different Tyeps of Instagram Use and Adolescents' Depressed Mood",2017,1,0,671,0,12-19,14.96,1.29,high school,0,-999,-999,-999,-999,-999,61,58.2,-999,-999,8.2,-999,-999,-999,-999,-999,Instagram use - Browsing,"0, 2",0,Wave 2,1,Center for Epidemiological Studies Depression Scale for Children (CES-DC),-999,-999,1,0.88,0,0,-999,1,"Depression symptoms, Wave 2",0.14,1,6,0.140925576,0.038691162,0.001497006,-999,-999,-999,-999,0.14,0.065,0.213,,,
3,34,Frison & Eggermont,"Browsing, Posting, and Liking on Instagram: The Reciprocal Relationships Between Different Tyeps of Instagram Use and Adolescents' Depressed Mood",2017,1,0,671,0,12-19,14.96,1.29,high school,0,-999,-999,-999,-999,-999,61,58.2,-999,-999,8.2,-999,-999,-999,-999,-999,Instagram use - Posting,"0, 2",0,Wave 1,1,Center for Epidemiological Studies Depression Scale for Children (CES-DC),-999,-999,1,0.87,0,0,-999,1,"Depression symptoms, Wave 1",0.19,1,6,0.192337169,0.038691162,0.001497006,-999,-999,-999,-999,0.19,0.116,0.262,,,
4,34,Frison & Eggermont,"Browsing, Posting, and Liking on Instagram: The Reciprocal Relationships Between Different Tyeps of Instagram Use and Adolescents' Depressed Mood",2017,1,0,671,0,12-19,14.96,1.29,high school,0,-999,-999,-999,-999,-999,61,58.2,-999,-999,8.2,-999,-999,-999,-999,-999,Instagram use - Posting,"0, 2",0,Wave 2,1,Center for Epidemiological Studies Depression Scale for Children (CES-DC),-999,-999,1,0.88,0,0,-999,1,"Depression symptoms, Wave 2",0.18,1,6,0.181982689,0.038691162,0.001497006,-999,-999,-999,-999,0.18,0.106,0.252,,,
5,34,Frison & Eggermont,"Browsing, Posting, and Liking on Instagram: The Reciprocal Relationships Between Different Tyeps of Instagram Use and Adolescents' Depressed Mood",2017,1,0,671,0,12-19,14.96,1.29,high school,0,-999,-999,-999,-999,-999,61,58.2,-999,-999,8.2,-999,-999,-999,-999,-999,Instagram use - Liking,"0, 2",0,Wave 1,1,Center for Epidemiological Studies Depression Scale for Children (CES-DC),-999,-999,1,0.87,0,0,-999,1,"Depression symptoms, Wave 1",0.16,1,6,0.161386696,0.038691162,0.001497006,-999,-999,-999,-999,0.16,0.085,0.233,,,
6,34,Frison & Eggermont,"Browsing, Posting, and Liking on Instagram: The Reciprocal Relationships Between Different Tyeps of Instagram Use and Adolescents' Depressed Mood",2017,1,0,671,0,12-19,14.96,1.29,high school,0,-999,-999,-999,-999,-999,61,58.2,-999,-999,8.2,-999,-999,-999,-999,-999,Instagram use - Liking,"0, 2",0,Wave 2,1,Center for Epidemiological Studies Depression Scale for Children (CES-DC),-999,-999,1,0.88,0,0,-999,1,"Depression symptoms, Wave 2",0.14,1,6,0.140925576,0.038691162,0.001497006,-999,-999,-999,-999,0.14,0.065,0.213,,,
1,35,"Augner, Hacker ",Associations between problematic mobile phone use and psychological parameters in young adults ,2012,1,0,196,0,-999,20.05,3.21,Undergraduates,1,-999,-999,-999,-999,Austria,76.53,-999,-999,-999,-999,-999,-999,-999,-999,-999,Problematic mobile phone use,"0, 2",0,,0,"State-Trait Anxiety Inventory - STAI (Laux et al., 1970)",4,-999,1,-999,-999,-999,-999,1,State-trait anxiety,0.32,0,-999,0.331647109,0.071981575,0.005181347,-999,-999,-999,-999,0.32,0.188,0.44,,,
2,35,"Augner, Hacker ",Associations between problematic mobile phone use and psychological parameters in young adults ,2012,1,0,196,0,-999,20.05,3.21,Undergraduates,1,-999,-999,-999,-999,Austria,76.53,-999,-999,-999,-999,-999,-999,-999,-999,-999,Problematic mobile phone use,"0, 2",0,,1,WHO-5,-999,-999,1,-999,-999,-999,-999,1,Depressive behaviors,0.2,0,-999,0.202732554,0.071981575,0.005181347,-999,-999,-999,-999,0.2,0.062,0.331,,,
1,36,"Bickham, Hswen","Media use and depression: Exposure, household rules, and symptoms among young adolescents in the United States",2015,1,0,126,0,12-15,14.04,-999,6th-8th,0,-999,-999,-999,-999,US,46.8,54.8,-999,-999,-999,-999,-999,-999,-999,-999,Daily time spent on computer - use recall survey,"0, 2",0,Baseline,1,Beck Depression Inventory for Primary Care,-999,-999,1,0.84,0,0,1,1,,0.09,1,12,0.090244188,0.090166963,0.008130081,-999,-999,-999,-999,0.09,-0.086,0.261,,,
2,36,"Bickham, Hswen","Media use and depression: Exposure, household rules, and symptoms among young adolescents in the United States",2015,1,0,126,0,12-15,14.04,-999,6th-8th,0,-999,-999,-999,-999,US,46.8,54.8,-999,-999,-999,-999,-999,-999,-999,-999,Daily time spent on computer - time use diary,"0, 2",0,Baseline,1,Beck Depression Inventory for Primary Care,-999,-999,1,0.84,0,0,1,1,,0.063,1,12,0.063083548,0.090166963,0.008130081,-999,-999,-999,-999,0.063,-0.113,0.235,,,
3,36,"Bickham, Hswen","Media use and depression: Exposure, household rules, and symptoms among young adolescents in the United States",2015,1,0,126,0,12-15,14.04,-999,6th-8th,0,-999,-999,-999,-999,US,46.8,54.8,-999,-999,-999,-999,-999,-999,-999,-999,Daily time spent on computer - ecological momentary assessment,"0, 2",0,Baseline,1,Beck Depression Inventory for Primary Care,-999,-999,1,0.84,0,0,1,1,,0.077,1,12,0.077152721,0.090166963,0.008130081,-999,-999,-999,-999,0.077,-0.099,0.249,,,
4,36,"Bickham, Hswen","Media use and depression: Exposure, household rules, and symptoms among young adolescents in the United States",2015,1,0,126,0,12-15,14.04,-999,6th-8th,0,-999,-999,-999,-999,US,46.8,54.8,-999,-999,-999,-999,-999,-999,-999,-999,Daily time spent on mobile device - use recall survey,"0, 2",0,Baseline,1,Beck Depression Inventory for Primary Care,-999,-999,1,0.84,0,0,1,1,,-0.183,1,12,-0.185084885,0.090166963,0.008130081,-999,-999,-999,-999,-0.183,-0.347,-0.008,,,
5,36,"Bickham, Hswen","Media use and depression: Exposure, household rules, and symptoms among young adolescents in the United States",2015,1,0,126,0,12-15,14.04,-999,6th-8th,0,-999,-999,-999,-999,US,46.8,54.8,-999,-999,-999,-999,-999,-999,-999,-999,Daily time spent on mobile device - time use diary,"0, 2",0,Baseline,1,Beck Depression Inventory for Primary Care,-999,-999,1,0.84,0,0,1,1,,0.247,1,12,0.252215359,0.090166963,0.008130081,-999,-999,-999,-999,0.247,0.075,0.404,,,
6,36,"Bickham, Hswen","Media use and depression: Exposure, household rules, and symptoms among young adolescents in the United States",2015,1,0,126,0,12-15,14.04,-999,6th-8th,0,-999,-999,-999,-999,US,46.8,54.8,-999,-999,-999,-999,-999,-999,-999,-999,Daily time spent on mobile device - ecological momentary assessment,"0, 2",0,Baseline,1,Beck Depression Inventory for Primary Care,-999,-999,1,0.84,0,0,1,1,,-0.09,1,12,-0.090244188,0.090166963,0.008130081,-999,-999,-999,-999,-0.09,-0.261,0.086,,,
7,37,"Bickham, Hswen","Media use and depression: Exposure, household rules, and symptoms among young adolescents in the United States",2015,1,0,104,0,12-15,-999,-999,6th-8th,0,-999,-999,-999,-999,US,-999,-999,-999,-999,-999,-999,-999,-999,-999,-999,Daily time spent on computer - use recall survey,"0, 2",0,1-year Follow-up,1,Beck Depression Inventory for Primary Care,-999,-999,1,0.82,0,0,1,1,,0.063,1,12,0.063083548,0.099503719,0.00990099,-999,-999,-999,-999,0.063,-0.131,0.253,,,
8,37,"Bickham, Hswen","Media use and depression: Exposure, household rules, and symptoms among young adolescents in the United States",2015,1,0,104,0,12-15,-999,-999,6th-8th,1,-999,-999,-999,-999,US,-999,-999,-999,-999,-999,-999,-999,-999,-999,-999,Daily time spent on computer - time use diary,"0, 2",0,1-year Follow-up,1,Beck Depression Inventory for Primary Care,-999,-999,1,0.82,0,0,1,1,,0.051,1,12,0.051044286,0.099503719,0.00990099,-999,-999,-999,-999,0.051,-0.143,0.241,,,
9,37,"Bickham, Hswen","Media use and depression: Exposure, household rules, and symptoms among young adolescents in the United States",2015,1,0,104,0,12-15,-999,-999,6th-8th,2,-999,-999,-999,-999,US,-999,-999,-999,-999,-999,-999,-999,-999,-999,-999,Daily time spent on computer - ecological momentary assessment,"0, 2",0,1-year Follow-up,1,Beck Depression Inventory for Primary Care,-999,-999,1,0.82,0,0,1,1,,0.132,1,12,0.132774772,0.099503719,0.00990099,-999,-999,-999,-999,0.132,-0.062,0.317,,,
10,37,"Bickham, Hswen","Media use and depression: Exposure, household rules, and symptoms among young adolescents in the United States",2015,1,0,104,0,12-15,-999,-999,6th-8th,3,-999,-999,-999,-999,US,-999,-999,-999,-999,-999,-999,-999,-999,-999,-999,Daily time spent on mobile device - use recall survey,"0, 2",0,1-year Follow-up,1,Beck Depression Inventory for Primary Care,-999,-999,1,0.82,0,0,1,1,,0.198,1,12,0.200650085,0.099503719,0.00990099,-999,-999,-999,-999,0.198,0.006,0.376,,,
11,37,"Bickham, Hswen","Media use and depression: Exposure, household rules, and symptoms among young adolescents in the United States",2015,1,0,104,0,12-15,-999,-999,6th-8th,4,-999,-999,-999,-999,US,-999,-999,-999,-999,-999,-999,-999,-999,-999,-999,Daily time spent on mobile device - time use diary,"0, 2",0,1-year Follow-up,1,Beck Depression Inventory for Primary Care,-999,-999,1,0.82,0,0,1,1,,0.095,1,12,0.095287349,0.099503719,0.00990099,-999,-999,-999,-999,0.095,-0.099,0.282,,,
12,37,"Bickham, Hswen","Media use and depression: Exposure, household rules, and symptoms among young adolescents in the United States",2015,1,0,104,0,12-15,-999,-999,6th-8th,5,-999,-999,-999,-999,US,-999,-999,-999,-999,-999,-999,-999,-999,-999,-999,Daily time spent on mobile device - ecological momentary assessment,"0, 2",0,1-year Follow-up,1,Beck Depression Inventory for Primary Care,-999,-999,1,0.82,0,0,1,1,,0.273,1,12,0.280102561,0.099503719,0.00990099,-999,-999,-999,-999,0.273,0.085,0.442,,,